df_index,sequence,seq_length,activity,toxicity,stability,dev_penalty,rank_baseline,rank_agent,rank_change,in_topk_baseline,in_topk_agent
314,GPHSANHVRGLARVGNANPGLYLAKYAFIP...,45,0.4435842988627848,0.2178452879939388,0.088274394624106,3.5,464,125,339,False,False
338,RWRRPIRRRPIRPPFWRKGKGKGKRRVRWI...,32,0.6166734730026407,0.5230860652110653,0.1359322320471249,2.5,369,110,259,False,False
336,RWRRPIRRRPIRPPFWRKGKCCKGKRRVRW...,33,0.6591937283572131,0.7174273179109837,0.1632939741867569,2.5,465,237,228,False,False
371,VRKPPYLPRPRPRPLGGGKRRVRWIIW,27,0.6166734730026407,0.5510514528643736,0.1438104418949952,2.5,388,160,228,False,False
14,GWWKRVFKPVEKFGQRVRDAGVQGIAIAQQ...,46,0.3858879074828328,0.4592292358248455,0.19897608805589,2.5,431,213,218,False,False
35,KKLLKWLKKLL,11,0.4064361201451376,0.8274210376559412,0.3398287892329167,0.0,138,317,-179,False,False
170,GLNALKKVFQGIHEAIKLINNHVK,24,0.3673138181240092,0.7497734463601305,0.3099285317798642,0.0,131,311,-180,False,False
183,GLNALKKVFQGIHEAIKLINKHVQ,24,0.3673138181240092,0.7615357003308054,0.3210934175845301,0.0,130,320,-190,False,False
173,GLNALKKVFKGIHEAIKLINNHVQ,24,0.3673138181240092,0.7866249842469741,0.3182690327976599,0.0,148,348,-200,False,False
169,GLNALKKVFQGIHKAIKLINNHVQ,24,0.3673138181240092,0.8422829456408221,0.3271939861414863,0.0,179,383,-204,False,False
