{
  "total_candidates": 3554,
  "split_method": "random",
  "activity_source": "DBAASP_v4_Ecoli_ATCC_25922",
  "toxicity_source": "ToxinPred3_RF",
  "stability_source": "HLP_RF",
  "developability_source": "rule_based",
  "sequence_representation": "AAindex_physicochemical",
  "min_length": 5,
  "max_length": 50,
  "splits": {
    "train_ratio": 0.7,
    "val_ratio": 0.15,
    "test_ratio": 0.15
  },
  "endpoint_stats": {
    "activity": {
      "mean": 0.41783930552528864,
      "std": 0.12384242666139195,
      "min": 0.0,
      "max": 1.0
    },
    "toxicity": {
      "mean": 0.6617238687711882,
      "std": 0.16271926532437467,
      "min": 0.07407203627334612,
      "max": 0.9902328861479692
    },
    "stability": {
      "mean": 0.20544203503555233,
      "std": 0.10784304648433764,
      "min": 0.0,
      "max": 1.0
    },
    "dev_penalty": {
      "mean": 0.7798255486775464,
      "std": 0.6613369710791327,
      "min": 0.0,
      "max": 3.5
    }
  },
  "data_hash": "40e6f7e9c9030cac24971b8cf2414563"
}